id,name
1,Technology
2,Health
3,Science
4,Art
5,Music
6,Education
7,Fashion
8,Food
9,Sports
10,Travel
11,Finance
12,Entertainment
13,Lifestyle
14,Politics
15,Environment
16,History
17,Photography
18,Books
19,Gaming
20,Culture
21,Movies
22,Startups
23,Marketing
24,Business
25,Design
26,Personal Development
27,Fitness
28,Spirituality
29,News
30,Coding
31,Web Development
32,Artificial Intelligence
33,Machine Learning
34,Data Science
35,Travel Tips
36,Home Improvement
37,Parenting
38,Relationships
39,Self-Care
40,Mental Health
41,Pet Care
42,Automotive
43,Gardening
44,DIY Projects
45,Adventure
46,Philosophy
47,Theater
48,Crafts
49,Virtual Reality
50,Blockchain
51,Sustainability
52,Ethics
53,Public Speaking
54,Real Estate
55,Networking
56,Productivity
57,User Experience
58,Cloud Computing
59,Programming Languages
60,Entrepreneurship
61,Social Media
62,Travel Photography
63,Digital Marketing
64,Online Courses
65,Technical Writing
66,Home Cooking
67,Global Issues
68,Activism
69,Meditation
70,Personal Finance
71,Investment Strategies
72,Online Gaming
73,World Cuisine
74,Street Art
75,Comic Books
76,Anime
77,Virtual Events
78,Photography Tips
79,Self-Improvement
80,Wildlife Conservation
81,Documentaries
82,Culinary Arts
83,Futurism
84,Historical Fiction
85,Travel Writing
86,Creative Writing
87,Mystery
88,Thrillers
89,Science Fiction
90,Fantasy
91,Children’s Literature
92,Home Decor
93,Travel Guides
94,Outdoor Activities
95,Crisis Management
96,Employee Engagement
97,Team Building
98,Health Tech
99,Social Justice
100,Charity
101,Volunteerism
102,Disability Advocacy
103,Diversity and Inclusion
104,Work-Life Balance
105,Global Development
106,Digital Nomadism
107,Minimalism
108,Sustainable Living
109,Digital Art
110,3D Printing
111,Space Exploration
112,Environmental Science
113,Public Health
114,Health and Wellness
115,Chronic Illness
116,Alternative Medicine
117,Healthy Cooking
118,Personal Branding
119,Job Search Strategies
120,Resume Writing
121,Interview Tips
122,Professional Development
123,Customer Service
124,E-commerce
125,Product Management
126,Human Resources
127,Inspiration
128,Workplace
129,Resources
130,Management
131,Illness
132,Home Organization
133,Parenting Tips
134,Creative Hobbies
135,Art History
136,Street Fashion
137,Health Technology
138,Public Policy
139,Social Media Trends
140,Startup Stories
141,Product Reviews
142,Online Security
143,Networking Strategies
144,Cloud Solutions
145,Freelancing
146,Self-Employment
147,Workplace Wellness
148,Entrepreneur Stories
149,Remote Work
150,Interpersonal Skills
151,Public Relations
152,Art Therapy
153,Environmental Activism
154,Local Cuisine
155,Regional Travel
156,Community Building
157,Home Workouts
158,Digital Ethics
159,Technology Reviews
160,Smartphone Tips
161,Smart Home
162,Literature
163,Writing
164,Travel Safety
165,Investment Trends
166,Educational Technology
167,Data Privacy
168,Home Gardening
169,Seasonal Activities
170,DIY Home Decor
171,Virtual Networking
172,Emotional Intelligence
173,Corporate Culture
174,Gratitude Practices
175,Personal Safety
176,Parenting Styles
177,Holistic Health
178,Tech Innovations
179,Cognitive Science
180,Artificial Reality
181,Renewable Energy
182,Financial Independence
183,Retirement Planning
184,Negotiation Skills
185,Media Literacy
186,Ethical Fashion
187,Women’s Rights
188,Youth Empowerment
189,Life Hacks
190,Networking Events
191,Personal Stories
192,Crisis Resolution
193,Brand Building
194,Event Planning
195,Travel Sustainability
196,Cultural Appreciation
197,Inclusive Education
198,Emotional Resilience
199,Urban Gardening
200,Freelance Writing
201,Travel Challenges
202,Financial Literacy
203,Smart Travel
204,Home Automation
205,Personal Finance Apps
206,Art of Storytelling
207,Adventure Sports
208,Health Equity
209,Conflict Resolution
210,Pet Adoption
211,Cultural Festivals
212,Social Media Ethics
213,VR in Education
214,Digital Transformation
215,Community Health
216,Impact Investing
217,Stress Management
218,Workplace Diversity
219,Virtual Reality Experiences
220,Pet Training
221,Home Office Design
222,Public Speaking Engagements
223,Cybersecurity Awareness
224,Inspirational Leaders
225,Tech for Good
226,Outdoor Survival Skills
227,Food Sustainability
228,Volunteer Opportunities
229,Digital Minimalism
230,Writing for Children
231,Career Transitions
232,Home Remedies
233,Parenting Challenges
234,Employee Wellbeing
235,Conscious Consumerism
236,Documenting History
237,Social Entrepreneurship
238,Digital Art Techniques
239,Online Privacy
240,Understanding Taxes
241,Healthy Relationships
242,Coping with Change
243,Living Off-Grid
244,Developing Empathy
245,Corporate Social Responsibility
246,Future of Work
247,Retirement Strategies
248,Influencer Marketing
249,Global Cuisine Recipes
250,Art Exhibitions
251,Historical Landmarks
252,Gender Equality
253,Conflict-Free Products
254,Living with Intention
255,Book Recommendations
256,Spiritual Practices
257,Gadgets
258,Seasonal Cooking
259,Tech Gadgets
260,Building Community
261,Travel Photography Tips
262,Self-Discovery
263,Creative Collaborations
264,Music Therapy
265,Holistic Education
266,Smart Home Gadgets
267,Ethical Investing
268,Local Business Spotlights
269,Urban Exploration
270,Home Maintenance Tips
271,Emotional Wellness
272,Food Preservation Techniques
273,Creating a Vision Board
274,Traveling with Pets
275,Adventure Travel Destinations
276,Creative Side Hustles
277,Self-Care Routines
278,Understanding Climate Science
279,Online Course Creation
280,Home Security
281,Family Traditions
282,Virtual Art Exhibits
283,Youth Leadership
284,Supporting Local Artists
285,Legacy Planning
286,Building Habits
287,Supply Chain
288,Virtual Travel
289,Self-Defence
290,Global Health
291,Marketing Strategies
292,Communication
293,Speaking
294,Creative Entrepreneurship
295,Climate Change
296,Remote Management
297,Online Learning
298,Digital Lifestyle
299,Nomad Lifestyle
300,Wealth
301,AI Ethics
302,Intelligence
303,Article Writing
304,Blogging
305,Universe
